{
  "generated_at": "2026-04-03T02:32:08",
  "repo_root": "/root/autodl-tmp/GTG-memory",
  "baseline_tag": "baseline_retrain",
  "vm_tag": "vm_warmstart",
  "tasks": [
    "tea",
    "oatmeal",
    "pinwheels",
    "quesadilla",
    "coffee"
  ],
  "avg": {
    "baseline_tas_f1_050": 68.72,
    "vm_tas_f1_050": 69.54,
    "delta_tas_f1_050": 0.8200000000000003,
    "baseline_tas_edit": 73.5,
    "vm_tas_edit": 73.9,
    "delta_tas_edit": 0.4,
    "baseline_tas_acc": 64.58,
    "vm_tas_acc": 65.7,
    "delta_tas_acc": 1.1200000000000017,
    "baseline_ed_f1_050": 31.38,
    "vm_ed_f1_050": 31.5,
    "delta_ed_f1_050": 0.11999999999999993,
    "baseline_omit_oiou": 47.14,
    "vm_omit_oiou": 49.32,
    "delta_omit_oiou": 2.1799999999999997,
    "baseline_omit_oacc": 74.88,
    "vm_omit_oacc": 67.56,
    "delta_omit_oacc": -7.3199999999999985,
    "baseline_er_wf1_000": 21.0,
    "vm_er_wf1_000": 17.82,
    "delta_er_wf1_000": -3.1799999999999997,
    "baseline_er_wf1_050": 2.12,
    "vm_er_wf1_050": 1.22,
    "delta_er_wf1_050": -0.9000000000000001,
    "baseline_er_eacc_000": 100.0,
    "vm_er_eacc_000": 90.0,
    "delta_er_eacc_000": -10.0,
    "baseline_er_eacc_050": 70.0,
    "vm_er_eacc_050": 40.0,
    "delta_er_eacc_050": -30.0
  },
  "rows": [
    {
      "task": "tea",
      "baseline_tas_f1_050": 70.1,
      "vm_tas_f1_050": 71.8,
      "delta_tas_f1_050": 1.7000000000000028,
      "baseline_tas_edit": 75.4,
      "vm_tas_edit": 77.7,
      "delta_tas_edit": 2.299999999999997,
      "baseline_tas_acc": 61.0,
      "vm_tas_acc": 63.7,
      "delta_tas_acc": 2.700000000000003,
      "baseline_ed_f1_050": 44.2,
      "vm_ed_f1_050": 39.0,
      "delta_ed_f1_050": -5.200000000000003,
      "baseline_omit_oiou": 38.6,
      "vm_omit_oiou": 40.9,
      "delta_omit_oiou": 2.299999999999997,
      "baseline_omit_oacc": 83.0,
      "vm_omit_oacc": 76.6,
      "delta_omit_oacc": -6.400000000000006,
      "baseline_er_wf1_000": 19.9,
      "vm_er_wf1_000": 23.1,
      "delta_er_wf1_000": 3.200000000000003,
      "baseline_er_wf1_050": 1.1,
      "vm_er_wf1_050": 1.3,
      "delta_er_wf1_050": 0.19999999999999996,
      "baseline_er_eacc_000": 100.0,
      "vm_er_eacc_000": 100.0,
      "delta_er_eacc_000": 0.0,
      "baseline_er_eacc_050": 75.0,
      "vm_er_eacc_050": 75.0,
      "delta_er_eacc_050": 0.0
    },
    {
      "task": "oatmeal",
      "baseline_tas_f1_050": 82.9,
      "vm_tas_f1_050": 83.4,
      "delta_tas_f1_050": 0.5,
      "baseline_tas_edit": 88.2,
      "vm_tas_edit": 89.5,
      "delta_tas_edit": 1.2999999999999972,
      "baseline_tas_acc": 78.3,
      "vm_tas_acc": 80.2,
      "delta_tas_acc": 1.9000000000000057,
      "baseline_ed_f1_050": 46.9,
      "vm_ed_f1_050": 49.6,
      "delta_ed_f1_050": 2.700000000000003,
      "baseline_omit_oiou": 70.1,
      "vm_omit_oiou": 83.8,
      "delta_omit_oiou": 13.700000000000003,
      "baseline_omit_oacc": 96.8,
      "vm_omit_oacc": 90.5,
      "delta_omit_oacc": -6.299999999999997,
      "baseline_er_wf1_000": 29.0,
      "vm_er_wf1_000": 24.9,
      "delta_er_wf1_000": -4.100000000000001,
      "baseline_er_wf1_050": 6.4,
      "vm_er_wf1_050": 3.9,
      "delta_er_wf1_050": -2.5000000000000004,
      "baseline_er_eacc_000": 100.0,
      "vm_er_eacc_000": 75.0,
      "delta_er_eacc_000": -25.0,
      "baseline_er_eacc_050": 75.0,
      "vm_er_eacc_050": 50.0,
      "delta_er_eacc_050": -25.0
    },
    {
      "task": "pinwheels",
      "baseline_tas_f1_050": 61.1,
      "vm_tas_f1_050": 61.8,
      "delta_tas_f1_050": 0.6999999999999957,
      "baseline_tas_edit": 62.3,
      "vm_tas_edit": 62.3,
      "delta_tas_edit": 0.0,
      "baseline_tas_acc": 58.5,
      "vm_tas_acc": 59.3,
      "delta_tas_acc": 0.7999999999999972,
      "baseline_ed_f1_050": 23.8,
      "vm_ed_f1_050": 25.7,
      "delta_ed_f1_050": 1.8999999999999986,
      "baseline_omit_oiou": 50.8,
      "vm_omit_oiou": 50.9,
      "delta_omit_oiou": 0.10000000000000142,
      "baseline_omit_oacc": 79.5,
      "vm_omit_oacc": 74.4,
      "delta_omit_oacc": -5.099999999999994,
      "baseline_er_wf1_000": 18.3,
      "vm_er_wf1_000": 10.3,
      "delta_er_wf1_000": -8.0,
      "baseline_er_wf1_050": 0.5,
      "vm_er_wf1_050": 0.6,
      "delta_er_wf1_050": 0.09999999999999998,
      "baseline_er_eacc_000": 100.0,
      "vm_er_eacc_000": 75.0,
      "delta_er_eacc_000": -25.0,
      "baseline_er_eacc_050": 50.0,
      "vm_er_eacc_050": 50.0,
      "delta_er_eacc_050": 0.0
    },
    {
      "task": "quesadilla",
      "baseline_tas_f1_050": 68.2,
      "vm_tas_f1_050": 65.4,
      "delta_tas_f1_050": -2.799999999999997,
      "baseline_tas_edit": 69.5,
      "vm_tas_edit": 66.3,
      "delta_tas_edit": -3.200000000000003,
      "baseline_tas_acc": 65.2,
      "vm_tas_acc": 60.4,
      "delta_tas_acc": -4.800000000000004,
      "baseline_ed_f1_050": 30.4,
      "vm_ed_f1_050": 21.7,
      "delta_ed_f1_050": -8.7,
      "baseline_omit_oiou": 49.2,
      "vm_omit_oiou": 48.1,
      "delta_omit_oiou": -1.1000000000000014,
      "baseline_omit_oacc": 62.5,
      "vm_omit_oacc": 54.2,
      "delta_omit_oacc": -8.299999999999997,
      "baseline_er_wf1_000": 32.4,
      "vm_er_wf1_000": 24.4,
      "delta_er_wf1_000": -8.0,
      "baseline_er_wf1_050": 0.8,
      "vm_er_wf1_050": 0.3,
      "delta_er_wf1_050": -0.5,
      "baseline_er_eacc_000": 100.0,
      "vm_er_eacc_000": 100.0,
      "delta_er_eacc_000": 0.0,
      "baseline_er_eacc_050": 50.0,
      "vm_er_eacc_050": 25.0,
      "delta_er_eacc_050": -25.0
    },
    {
      "task": "coffee",
      "baseline_tas_f1_050": 61.3,
      "vm_tas_f1_050": 65.3,
      "delta_tas_f1_050": 4.0,
      "baseline_tas_edit": 72.1,
      "vm_tas_edit": 73.7,
      "delta_tas_edit": 1.6000000000000085,
      "baseline_tas_acc": 59.9,
      "vm_tas_acc": 64.9,
      "delta_tas_acc": 5.000000000000007,
      "baseline_ed_f1_050": 11.6,
      "vm_ed_f1_050": 21.5,
      "delta_ed_f1_050": 9.9,
      "baseline_omit_oiou": 27.0,
      "vm_omit_oiou": 22.9,
      "delta_omit_oiou": -4.100000000000001,
      "baseline_omit_oacc": 52.6,
      "vm_omit_oacc": 42.1,
      "delta_omit_oacc": -10.5,
      "baseline_er_wf1_000": 5.4,
      "vm_er_wf1_000": 6.4,
      "delta_er_wf1_000": 1.0,
      "baseline_er_wf1_050": 1.8,
      "vm_er_wf1_050": 0.0,
      "delta_er_wf1_050": -1.8,
      "baseline_er_eacc_000": 100.0,
      "vm_er_eacc_000": 100.0,
      "delta_er_eacc_000": 0.0,
      "baseline_er_eacc_050": 100.0,
      "vm_er_eacc_050": 0.0,
      "delta_er_eacc_050": -100.0
    }
  ],
  "baseline_dirs": {
    "tea": "/root/autodl-tmp/GTG-memory/ckpts/EgoPER/tea/baseline_retrain_04_01_17_04_37",
    "oatmeal": "/root/autodl-tmp/GTG-memory/ckpts/EgoPER/oatmeal/baseline_retrain_04_01_17_16_36",
    "pinwheels": "/root/autodl-tmp/GTG-memory/ckpts/EgoPER/pinwheels/baseline_retrain_04_01_17_39_09",
    "quesadilla": "/root/autodl-tmp/GTG-memory/ckpts/EgoPER/quesadilla/baseline_retrain_04_01_17_55_56",
    "coffee": "/root/autodl-tmp/GTG-memory/ckpts/EgoPER/coffee/baseline_retrain_04_01_18_01_54"
  },
  "vm_dirs": {
    "tea": "/root/autodl-tmp/GTG-memory/ckpts/EgoPER/tea/vm_warmstart_04_02_07_33_44",
    "oatmeal": "/root/autodl-tmp/GTG-memory/ckpts/EgoPER/oatmeal/vm_warmstart_04_02_08_14_50",
    "pinwheels": "/root/autodl-tmp/GTG-memory/ckpts/EgoPER/pinwheels/vm_warmstart_04_02_09_28_25",
    "quesadilla": "/root/autodl-tmp/GTG-memory/ckpts/EgoPER/quesadilla/vm_warmstart_04_02_10_38_26",
    "coffee": "/root/autodl-tmp/GTG-memory/ckpts/EgoPER/coffee/vm_warmstart_04_02_11_02_30"
  }
}