{
  "generated_at": "2026-04-01T10:20:33",
  "repo_root": "/root/autodl-tmp/GTG-memory",
  "baseline_tag": "baseline_retrain",
  "vm_tag": "vm_warmstart",
  "avg": {
    "baseline_tas_f1_050": 70.1,
    "vm_tas_f1_050": 71.8,
    "delta_tas_f1_050": 1.7000000000000028,
    "baseline_tas_edit": 75.4,
    "vm_tas_edit": 77.7,
    "delta_tas_edit": 2.299999999999997,
    "baseline_tas_acc": 61.2,
    "vm_tas_acc": 63.7,
    "delta_tas_acc": 2.5,
    "baseline_ed_f1_050": 43.3,
    "vm_ed_f1_050": 39.0,
    "delta_ed_f1_050": -4.299999999999997,
    "baseline_omit_oiou": 38.6,
    "vm_omit_oiou": 40.9,
    "delta_omit_oiou": 2.299999999999997,
    "baseline_omit_oacc": 83.0,
    "vm_omit_oacc": 76.6,
    "delta_omit_oacc": -6.400000000000006,
    "baseline_er_wf1_000": 19.9,
    "vm_er_wf1_000": 23.1,
    "delta_er_wf1_000": 3.200000000000003,
    "baseline_er_wf1_050": 1.1,
    "vm_er_wf1_050": 1.3,
    "delta_er_wf1_050": 0.19999999999999996,
    "baseline_er_eacc_000": 100.0,
    "vm_er_eacc_000": 100.0,
    "delta_er_eacc_000": 0.0,
    "baseline_er_eacc_050": 75.0,
    "vm_er_eacc_050": 75.0,
    "delta_er_eacc_050": 0.0
  },
  "rows": [
    {
      "task": "tea",
      "baseline_tas_f1_050": 70.1,
      "vm_tas_f1_050": 71.8,
      "delta_tas_f1_050": 1.7000000000000028,
      "baseline_tas_edit": 75.4,
      "vm_tas_edit": 77.7,
      "delta_tas_edit": 2.299999999999997,
      "baseline_tas_acc": 61.2,
      "vm_tas_acc": 63.7,
      "delta_tas_acc": 2.5,
      "baseline_ed_f1_050": 43.3,
      "vm_ed_f1_050": 39.0,
      "delta_ed_f1_050": -4.299999999999997,
      "baseline_omit_oiou": 38.6,
      "vm_omit_oiou": 40.9,
      "delta_omit_oiou": 2.299999999999997,
      "baseline_omit_oacc": 83.0,
      "vm_omit_oacc": 76.6,
      "delta_omit_oacc": -6.400000000000006,
      "baseline_er_wf1_000": 19.9,
      "vm_er_wf1_000": 23.1,
      "delta_er_wf1_000": 3.200000000000003,
      "baseline_er_wf1_050": 1.1,
      "vm_er_wf1_050": 1.3,
      "delta_er_wf1_050": 0.19999999999999996,
      "baseline_er_eacc_000": 100.0,
      "vm_er_eacc_000": 100.0,
      "delta_er_eacc_000": 0.0,
      "baseline_er_eacc_050": 75.0,
      "vm_er_eacc_050": 75.0,
      "delta_er_eacc_050": 0.0
    }
  ],
  "baseline_dirs": {
    "tea": "/root/autodl-tmp/GTG-memory/ckpts/EgoPER/tea/baseline_retrain_04_01_01_56_33",
    "oatmeal": "-",
    "pinwheels": "-",
    "quesadilla": "-",
    "coffee": "-"
  },
  "vm_dirs": {
    "tea": "/root/autodl-tmp/GTG-memory/ckpts/EgoPER/tea/vm_warmstart_04_01_02_07_52",
    "oatmeal": "-",
    "pinwheels": "-",
    "quesadilla": "-",
    "coffee": "-"
  }
}